,AJCC
AJCC,1.0
OID21449,0.7749866476396635
OID30688,0.7430706188561927
OID30638,0.710881803501923
OID30338,0.710881803501923
OID20704,0.7073355780815374
OID30634,0.6969696883911793
OID20932,0.695060182395587
OID21084,0.6928778898291958
OID30170,0.6928778898291958
OID30700,0.6871493718424191
OID30639,0.6849670792760278
OID20789,0.6811480672848433
OID21276,0.67951134786005
OID30580,0.6748739761564687
OID30690,0.6748739761564687
OID20975,0.6748739761564687
OID21414,0.6748739761564687
OID30249,0.6748739761564687
OID20630,0.6729644701608765
OID21027,0.668872671598893
OID20911,0.6675087387448986
OID20101,0.6615074341873228
OID20231,0.6609618610457251
OID20901,0.6568700624837416
OID20563,0.6555061296297471
OID30344,0.6549605564881493
OID20267,0.6544149833465515
OID20824,0.653323837063356
OID21115,0.6508687579261658
OID30637,0.6508687579261658
OID21338,0.6429579473729978
OID21131,0.6418668010898023
OID20690,0.6402300816650089
OID20770,0.6394117219526122
OID30591,0.6391389353818133
OID20955,0.6388661488110144
OID20751,0.6369566428154222
OID21310,0.6355927099614277
OID21418,0.6355927099614277
OID30367,0.6339559905366343
OID30380,0.6339559905366343
OID20378,0.6301369785454498
OID20749,0.6252268202710697
OID21048,0.6252268202710697
OID30386,0.6249540337002707
OID21018,0.6249540337002707
OID30697,0.6230445277046784
OID20755,0.6214078082798851
OID20178,0.6151337171515104
OID21016,0.6148609305807116
OID21311,0.6148609305807116
OID30294,0.6148609305807116
OID21454,0.6115874917311248
OID30635,0.6110419185895271
OID20348,0.6104963454479293
OID20141,0.6088596260231359
OID30913,0.6088596260231359
OID21344,0.6088596260231359
OID31506,0.6088596260231359
OID30694,0.605858973744348
OID30350,0.6050406140319513
OID20137,0.6050406140319513
OID21390,0.6039494677487558
OID21294,0.6039494677487558
OID30394,0.6039494677487558
OID21128,0.603131108036359
OID20776,0.603131108036359
OID20542,0.6028583214655602
OID21463,0.6012216020407668
OID21333,0.5974025900495823
OID20721,0.5968570169079844
OID30590,0.5968570169079844
OID21088,0.5930380049167999
OID20697,0.5930380049167999
OID20244,0.5908557123504088
OID20194,0.5908557123504088
OID21191,0.5905829257796098
OID21033,0.5903101392088109
OID21108,0.5894917794964143
OID21112,0.5892189929256154
OID21098,0.5892189929256154
OID20265,0.5884006332132187
OID21485,0.5884006332132187
OID20645,0.5870367003592242
OID30410,0.5862183406468275
OID21431,0.5853999809344308
OID21124,0.5853999809344308
OID21174,0.584854407792833
OID30289,0.584854407792833
OID31079,0.584854407792833
OID20260,0.5837632615096374
OID21284,0.5837632615096374
OID31118,0.5829449017972408
OID20360,0.582126542084844
OID20234,0.5810353958016485
OID20262,0.5802170360892518
OID21226,0.5788531032352573
OID20190,0.5775603028777303
OID21417,0.5774891703812628
OID20336,0.576943597239665
OID30651,0.576943597239665
OID20327,0.5753068778148717
OID20206,0.574215731531676
OID30641,0.5739429449608772
OID20744,0.5733973718192794
OID20410,0.5728517986776817
OID21356,0.5728517986776817
OID20284,0.5728517986776817
OID20146,0.5728517986776817
OID21144,0.5701239329696927
OID20782,0.5687600001156982
OID21379,0.5682144269741004
OID21155,0.566577707549307
OID21114,0.5652137746953125
OID20316,0.5649409881245137
OID21469,0.5643954149829158
OID21043,0.563849841841318
OID21160,0.5630314821289214
OID20397,0.5627586955581224
OID30161,0.5608491895625302
OID20921,0.5608491895625302
OID20923,0.5608491895625302
OID21029,0.5589396835669379
OID30716,0.5575757507129434
OID30731,0.5564846044297479
OID30347,0.5556662447173512
OID30283,0.5548478850049545
OID21458,0.5548478850049545
OID30384,0.5548478850049545
OID20948,0.5548478850049545
OID20623,0.5548478850049545
OID21137,0.5548478850049545
OID30290,0.5548478850049545
OID20903,0.5548478850049545
OID21145,0.5545750984341555
OID20323,0.5543023118633567
OID30321,0.5529383790093622
OID30689,0.5526655924385633
OID20724,0.5523928058677644
OID20148,0.5510288730137699
OID20935,0.5491193670181777
OID30345,0.5491193670181777
OID20143,0.5488465804473788
OID20692,0.5488465804473788
OID20952,0.5488465804473788
OID21345,0.5488465804473788
OID31112,0.5488465804473788
OID30529,0.5488465804473788
OID20411,0.5485737938765799
OID21049,0.548301007305781
OID20315,0.548028220734982
OID21023,0.5466642878809876
OID21461,0.5444819953145964
OID30291,0.5439364221729986
OID20673,0.5436636356021998
OID21479,0.5433908490314009
OID30658,0.542845275889803
OID30563,0.542845275889803
OID21360,0.542845275889803
OID30272,0.542845275889803
OID20731,0.5425724893190041
OID20583,0.5420269161774064
OID30469,0.5412085564650096
OID21073,0.5409357698942108
OID20714,0.5368439713322274
OID20572,0.5368439713322274
OID20199,0.5368439713322274
OID31126,0.5368439713322274
OID21299,0.5368439713322274
OID20774,0.5357528250490318
OID31482,0.534934465336635
OID21031,0.534934465336635
OID20272,0.5346616787658361
OID20764,0.5343888921950373
OID20985,0.5338433190534395
OID21509,0.5332977459118416
OID30631,0.5330249593410428
OID30779,0.5327521727702439
OID20703,0.532479386199445
OID30588,0.532479386199445
OID30405,0.532479386199445
OID21039,0.5322065996286461
OID21063,0.5316610264870483
OID30657,0.5308426667746516
OID20114,0.5308426667746516
OID21153,0.5300243070622549
OID30312,0.5292059473498583
OID30597,0.5289331607790594
OID30767,0.5289331607790594
OID21014,0.5283875876374615
OID30346,0.527296441354266
OID20785,0.5270236547834671
OID30643,0.5264780816418693
OID20694,0.5248413622170759
OID20203,0.5248413622170759
OID20680,0.5248413622170759
OID30701,0.5242957890754781
OID21474,0.5229318562214836
OID21432,0.5210223502258914
OID21244,0.5210223502258914
OID30680,0.5210223502258914
OID30628,0.5210223502258914
OID21010,0.5207495636550925
OID21316,0.5199312039426958
OID20675,0.5191128442302991
OID20144,0.5188400576595003
OID20135,0.5188400576595003
OID31029,0.5188400576595003
OID30281,0.5177489113763046
OID30623,0.5169305516639079
OID20209,0.5169305516639079
OID21062,0.516657765093109
OID21045,0.5150210456683156
OID30594,0.5150210456683156
OID21501,0.5128387531019245
OID20150,0.5128387531019245
OID30230,0.5128387531019245
OID20297,0.5125659665311256
OID20418,0.5125659665311256
OID30304,0.5109292471063323
OID21527,0.5106564605355334
OID20732,0.5082013813983433
OID21247,0.5073830216859466
OID20225,0.5071102351151476
OID31141,0.5068374485443488
OID20620,0.5068374485443488
OID30329,0.5068374485443488
OID30656,0.5068374485443488
OID20775,0.5060190888319521
OID20096,0.5049279425487565
OID20195,0.5049279425487565
OID30335,0.5049279425487565
OID30762,0.5046551559779576
OID20765,0.5038367962655609
OID21496,0.5030184365531642
OID30262,0.5022000768407675
OID20693,0.5022000768407675
OID20342,0.5016545036991698
OID30365,0.5013817171283709
OID30721,0.501108930557572
OID21021,0.5008361439867731
OID20937,0.5008361439867731
OID20646,0.5008361439867731
OID20507,0.5008361439867731
OID20533,0.5008361439867731
OID21446,0.4989266379911808
OID20329,0.4989266379911808
OID21022,0.4989266379911808
OID21061,0.4970171319955885
OID20677,0.4970171319955885
OID20394,0.4970171319955885
OID30310,0.49647155885399075
OID20757,0.49647155885399075
OID21129,0.49483483942919737
OID20086,0.49483483942919737
OID30603,0.49483483942919737
OID21513,0.49483483942919737
OID20391,0.49483483942919737
OID30681,0.49483483942919737
OID20707,0.49483483942919737
OID20940,0.49456205285839844
OID21104,0.49374369314600175
OID30297,0.49292533343360506
OID20859,0.49292533343360506
OID30271,0.49292533343360506
OID20684,0.4923797602920073
OID21079,0.4912886140088117
OID30246,0.4912886140088117
OID30687,0.4896518945840183
OID20956,0.4888335348716216
OID21320,0.4888335348716216
OID21179,0.4888335348716216
OID21051,0.48719681544682825
OID20781,0.48692402887602937
OID21091,0.4866512423052305
OID21053,0.4850145228804371
OID20793,0.4836505900264426
OID21030,0.48337780345564374
OID20739,0.4831050168848448
OID31428,0.48283223031404593
OID30250,0.48283223031404593
OID31515,0.48283223031404593
OID21227,0.48283223031404593
OID20681,0.48283223031404593
OID30336,0.48283223031404593
OID30649,0.48283223031404593
OID20742,0.48283223031404593
OID21397,0.48283223031404593
OID20530,0.48119551088925255
OID20108,0.48119551088925255
OID20567,0.4809227243184537
OID20210,0.48064993774765474
OID30399,0.4792860048936603
OID20156,0.47901321832286137
OID20373,0.4787404317520625
OID20665,0.4781948586104647
OID21371,0.4771037123272691
OID20989,0.4771037123272691
OID30313,0.47683092575647024
OID31375,0.47683092575647024
OID30736,0.4765581391856713
OID30342,0.4749214197608779
OID20107,0.4749214197608779
OID30340,0.4749214197608779
OID21058,0.4749214197608779
OID20154,0.47383027347768236
OID20904,0.4730119137652857
OID20523,0.4730119137652857
OID30677,0.4730119137652857
OID20737,0.4727391271944868
OID30351,0.4713751943404923
OID20768,0.4711024077696934
OID21466,0.4711024077696934
OID30267,0.4708296211988945
OID21506,0.4708296211988945
OID31500,0.47028404805729673
OID20301,0.4691929017741011
OID30606,0.46892011520330223
OID20702,0.46892011520330223
OID20648,0.46892011520330223
OID20653,0.46864732863250336
OID21139,0.4661922494953133
OID30348,0.4653738897829166
OID21087,0.4651011032121177
OID30314,0.4648283166413188
OID21471,0.4648283166413188
OID20232,0.4648283166413188
OID20222,0.4648283166413188
OID20656,0.4648283166413188
OID31484,0.4648283166413188
OID20335,0.464282743499721
OID31124,0.464282743499721
OID20269,0.4640099569289221
OID20546,0.4631915972165254
OID31128,0.46291881064572654
OID20287,0.46100930465013423
OID30583,0.46100930465013423
OID21024,0.45991815836693867
OID21507,0.4596453717961398
OID21082,0.459099798654542
OID20722,0.4588270120837431
OID30252,0.4588270120837431
OID21317,0.4588270120837431
OID20913,0.4588270120837431
OID30720,0.4588270120837431
OID30576,0.45855422551294417
OID20964,0.4569175060881508
OID20239,0.45637193294655304
OID20302,0.4560991463757541
OID20716,0.45500800009255854
OID20574,0.45364406723856404
OID21012,0.4530984940969663
OID20293,0.4530984940969663
OID31463,0.45282570752616735
OID20459,0.45282570752616735
OID30239,0.45282570752616735
OID31467,0.4509162015305751
OID30739,0.4509162015305751
OID20977,0.4509162015305751
OID21034,0.4509162015305751
OID20973,0.4509162015305751
OID20343,0.4509162015305751
OID30632,0.44982505524737953
OID20346,0.4492794821057817
OID21394,0.44900669553498285
OID30616,0.44900669553498285
OID20730,0.44818833582258616
OID30260,0.44682440296859166
OID30728,0.44682440296859166
OID20986,0.44682440296859166
OID20950,0.44682440296859166
OID30397,0.44627882982699385
OID31512,0.446006043256195
OID20417,0.4457332566853961
OID21444,0.4449148969729994
OID20153,0.4449148969729994
OID21430,0.4449148969729994
OID20277,0.4449148969729994
OID21307,0.4449148969729994
OID20960,0.4449148969729994
OID30685,0.4446421104022005
OID20758,0.4443693238314016
OID31468,0.44082309841101597
OID30659,0.44082309841101597
OID31465,0.44082309841101597
OID31119,0.44082309841101597
OID21158,0.44055031184021703
OID21090,0.4391863789862226
OID30719,0.4391863789862226
OID20997,0.43891359241542366
OID20251,0.4383680192738259
OID21383,0.4370040864198314
OID30184,0.4370040864198314
OID20788,0.4370040864198314
OID20246,0.4364585132782336
OID30737,0.4364585132782336
OID30238,0.43509458042423915
OID20651,0.43509458042423915
OID20089,0.43509458042423915
OID20110,0.4348217938534402
OID30609,0.4348217938534402
OID20381,0.43400343414104353
OID30099,0.43318507442864684
OID20696,0.43318507442864684
OID20762,0.43291228785784797
OID20884,0.43291228785784797
OID20273,0.4310027818622557
OID20197,0.4307299952914568
OID30337,0.4304572087206579
OID30625,0.42936606243746234
OID20414,0.4290932758666634
OID30763,0.4290932758666634
OID21143,0.4290932758666634
OID30650,0.4288204892958645
OID21135,0.4288204892958645
OID30857,0.4288204892958645
OID30414,0.42854770272506565
OID20298,0.42854770272506565
OID21439,0.42718376987107115
OID20217,0.4269109833002723
OID20777,0.4269109833002723
OID30259,0.4269109833002723
OID31446,0.4269109833002723
OID20564,0.42636541015867446
OID30753,0.4252742638754789
OID30401,0.42500147730467996
OID20276,0.4244559041630822
OID30383,0.4233647578798866
OID20384,0.4230919713090877
OID30679,0.4230919713090877
OID30619,0.4230919713090877
OID31475,0.42281918473828883
OID20959,0.42281918473828883
OID30842,0.42281918473828883
OID31098,0.42281918473828883
OID21425,0.42281918473828883
OID20227,0.42281918473828883
OID30285,0.42281918473828883
OID30630,0.42281918473828883
OID20925,0.42118246531349546
OID30596,0.4209096787426965
OID31454,0.4209096787426965
OID30353,0.4209096787426965
OID20242,0.41900017274710427
OID31000,0.41900017274710427
OID20252,0.4187273861763054
OID30708,0.4181818130347076
OID21504,0.4173634533223109
OID20238,0.4173634533223109
OID21215,0.417090666751512
OID20599,0.4168178801807131
OID21435,0.4165450936099142
OID30610,0.4165450936099142
OID20570,0.41545394732671864
OID20266,0.4151811607559197
OID20087,0.4151811607559197
OID30644,0.41490837418512083
OID20121,0.414362801043523
OID20223,0.41327165476032746
OID30707,0.41327165476032746
OID30743,0.4129988681895286
OID30781,0.4129988681895286
OID30761,0.4122312790024802
OID20988,0.41136214876473515
OID20670,0.41136214876473515
OID30766,0.41108936219393627
OID20282,0.41108936219393627
OID21361,0.41108936219393627
OID20685,0.4108165756231374
OID20922,0.4108165756231374
OID21059,0.4108165756231374
OID21089,0.409179856198344
OID20404,0.409179856198344
OID20629,0.409179856198344
OID20753,0.4089070696275451
OID30602,0.4089070696275451
OID20631,0.4089070696275451
OID20183,0.4072703502027517
OID20353,0.4072703502027517
OID30749,0.40699756363195283
OID21502,0.40536084420715945
OID20374,0.4050880576363606
OID30724,0.4050880576363606
OID20162,0.40481527106556164
OID20654,0.40481527106556164
OID30232,0.40481527106556164
OID20305,0.40481527106556164
OID20370,0.4037241247823661
OID21531,0.4029057650699694
OID20174,0.4029057650699694
OID20097,0.4029057650699694
OID20981,0.4023601919283716
OID20161,0.40099625907437714
OID21119,0.3999051127911815
OID20382,0.39881396650798595
OID30379,0.39826839336638814
OID21472,0.39745003365399145
OID20649,0.3971772470831926
OID30718,0.3971772470831926
OID21528,0.3969044605123937
OID21133,0.3969044605123937
OID31109,0.3969044605123937
OID20398,0.3963588873707959
OID30376,0.393358235092008
OID20672,0.393358235092008
OID20966,0.393358235092008
OID20165,0.39308544852120914
OID30579,0.39281266195041026
OID21015,0.39281266195041026
OID30557,0.39281266195041026
OID30359,0.39172151566721464
OID30265,0.3911759425256169
OID20292,0.39090315595481795
OID30589,0.39090315595481795
OID20294,0.3895392231008235
OID21132,0.3895392231008235
OID31097,0.3889936499592257
OID20663,0.3889936499592257
OID20258,0.3889936499592257
OID21134,0.3887208633884268
OID20255,0.3884480768176279
OID21101,0.38708414396363344
OID21434,0.38708414396363344
OID20963,0.3868113573928345
OID30357,0.3868113573928345
OID21296,0.3868113573928345
OID30253,0.3868113573928345
OID31096,0.3868113573928345
OID30167,0.3868113573928345
OID30327,0.3868113573928345
OID20151,0.3868113573928345
OID21270,0.3868113573928345
OID30661,0.38490185139724226
OID31477,0.38490185139724226
OID21374,0.38490185139724226
OID20705,0.3846290648264434
OID30581,0.38435627825564445
OID21499,0.3838107051140467
OID20340,0.3832651319724489
OID21419,0.3832651319724489
OID20746,0.3832651319724489
OID20157,0.3832651319724489
OID20717,0.38299234540165
OID30582,0.3810828394060577
OID21293,0.3808100528352588
OID30303,0.3808100528352588
OID21202,0.3808100528352588
OID30121,0.3808100528352588
OID31423,0.3808100528352588
OID20537,0.37917333341046544
OID20632,0.37917333341046544
OID30646,0.37917333341046544
OID30676,0.37917333341046544
OID21452,0.37890054683966656
OID30746,0.37890054683966656
OID21523,0.37862776026886763
OID30703,0.3780821871272699
OID21448,0.37780940055647094
OID30611,0.37780940055647094
OID21353,0.37699104084407425
OID21100,0.37699104084407425
OID20548,0.37699104084407425
OID20325,0.37617268113167757
OID31411,0.3753543214192809
OID21017,0.3753543214192809
OID30264,0.375081534848482
OID30396,0.375081534848482
OID30955,0.3748087482776831
OID21437,0.3748087482776831
OID20625,0.3748087482776831
OID20972,0.3748087482776831
OID20780,0.3745359617068842
OID30693,0.3745359617068842
OID21118,0.3737176019944875
OID31133,0.3728992422820908
OID20735,0.37126252285729744
OID20333,0.37126252285729744
OID20652,0.37126252285729744
OID21508,0.37044416314490075
OID21409,0.3693530168617052
OID20344,0.3693530168617052
OID30378,0.3690802302909063
OID21349,0.3688074437201074
OID20907,0.3688074437201074
OID21367,0.3688074437201074
OID30227,0.3688074437201074
OID20610,0.3682618705785096
OID30747,0.3677162974369118
OID20562,0.367170724295314
OID30402,0.367170724295314
OID30670,0.367170724295314
OID20917,0.367170724295314
OID20969,0.3668979377245151
OID20979,0.3668979377245151
OID31393,0.3668979377245151
OID21136,0.3668979377245151
OID20778,0.36662515115371624
OID20718,0.36498843172892287
OID30686,0.36362449887492837
OID20393,0.3631236481484455
OID21357,0.36307892573333056
OID21347,0.3628061391625317
OID21121,0.3617149928793361
OID20401,0.3611694197377383
OID30622,0.3611694197377383
OID31031,0.36089663316693943
OID20132,0.35925991374214605
OID30573,0.35925991374214605
OID20367,0.35925991374214605
OID20580,0.35925991374214605
OID21019,0.3589871271713471
OID30587,0.356804834604956
OID31050,0.356804834604956
OID20519,0.356804834604956
OID21404,0.356804834604956
OID30219,0.356804834604956
OID20927,0.356804834604956
OID20081,0.35653204803415706
OID20395,0.35653204803415706
OID21042,0.3554409017509615
OID20332,0.3551681151801626
OID20207,0.3548953286093637
OID31450,0.3548953286093637
OID30722,0.3548953286093637
OID20847,0.3548953286093637
OID20415,0.3532586091845703
OID20109,0.3529858226137714
OID20822,0.3529858226137714
OID20220,0.35189467633057586
OID21368,0.3510763166181792
OID20756,0.3510763166181792
OID30278,0.35080353004738024
OID30366,0.35080353004738024
OID20224,0.34916681062258687
OID30984,0.348894024051788
OID30655,0.348894024051788
OID20324,0.3486212374809891
OID21476,0.3475300911977935
OID20280,0.3472573046269946
OID20636,0.34698451805619573
OID30713,0.34698451805619573
OID20303,0.3450750120606034
OID30734,0.3450750120606034
OID20872,0.34480222548980455
OID31395,0.34480222548980455
OID30308,0.34480222548980455
OID30621,0.34480222548980455
OID31434,0.34480222548980455
OID30274,0.34480222548980455
OID31075,0.34480222548980455
OID30568,0.34480222548980455
OID20657,0.343711079206609
OID30772,0.34316550606501117
OID21451,0.34316550606501117
OID30317,0.34316550606501117
OID21301,0.34316550606501117
OID20337,0.3428927194942123
OID31122,0.3428927194942123
OID20784,0.3428927194942123
OID21289,0.3412560000694189
OID20308,0.3412560000694189
OID20710,0.34098321349862
OID30790,0.34098321349862
OID21103,0.3393464940738266
OID30355,0.3393464940738266
OID20674,0.33907370750302773
OID20254,0.33907370750302773
OID30624,0.33880092093222886
OID20177,0.33880092093222886
OID31510,0.33880092093222886
OID20221,0.3371642015074355
OID30261,0.3371642015074355
OID30600,0.33525469551184317
OID20304,0.33525469551184317
OID21109,0.3349819089410443
OID21483,0.3333451895162509
OID20172,0.3333451895162509
OID20482,0.3333451895162509
OID30756,0.33307240294545204
OID30593,0.33307240294545204
OID20331,0.3327996163746531
OID21280,0.3327996163746531
OID30536,0.3327996163746531
OID21459,0.3327996163746531
OID21318,0.3327996163746531
OID30682,0.3319812566622564
OID20295,0.33116289694985973
OID20388,0.33116289694985973
OID21076,0.33116289694985973
OID20650,0.33089011037906085
OID30760,0.33089011037906085
OID21156,0.33034453723746304
OID20250,0.3292533909542675
OID20708,0.3289806043834686
OID20628,0.3289806043834686
OID31348,0.3273438849586752
OID20748,0.3270710983878763
OID20200,0.3270710983878763
OID21482,0.3270710983878763
OID21167,0.3267983118170774
OID31357,0.3267983118170774
OID31155,0.3267983118170774
OID20787,0.3267983118170774
OID30478,0.3267983118170774
OID31315,0.3267983118170774
OID21120,0.32516159239228404
OID21265,0.32516159239228404
OID20999,0.32516159239228404
OID20364,0.32516159239228404
OID20349,0.32488880582148516
OID30996,0.32488880582148516
OID20760,0.32488880582148516
OID30417,0.3240704461090885
OID20334,0.3240704461090885
OID30460,0.32379765953828954
OID20982,0.3232520863966918
OID21052,0.3232520863966918
OID20607,0.32297929982589285
OID30775,0.32297929982589285
OID20278,0.32297929982589285
OID31100,0.3218881535426973
OID30086,0.3216153669718984
OID21113,0.3213425804010995
OID21068,0.3210697938303006
OID30850,0.3207970072595017
OID31523,0.3207970072595017
OID30738,0.31916028783470834
OID20617,0.31916028783470834
OID21147,0.31916028783470834
OID20363,0.31725078183911604
OID20126,0.31615963555592047
OID21107,0.3153412758435238
OID21004,0.3150684892727249
OID21126,0.3150684892727249
OID20715,0.3150684892727249
OID31043,0.314795702701926
OID31502,0.314795702701926
OID21399,0.314795702701926
OID30837,0.314795702701926
OID21441,0.3131589832771326
OID21151,0.3128861967063337
OID30333,0.31124947728154034
OID20687,0.30906718471514916
OID21205,0.3087943981443503
OID30647,0.3087943981443503
OID21312,0.3087943981443503
OID30263,0.3087943981443503
OID30578,0.3087943981443503
OID30218,0.3087943981443503
OID30564,0.3087943981443503
OID30571,0.3071576787195569
OID20671,0.3071576787195569
OID20489,0.306884892148758
OID21194,0.306884892148758
OID21421,0.306884892148758
OID20245,0.30606653243636134
OID30758,0.30524817272396465
OID30821,0.3049753861531657
OID31403,0.3049753861531657
OID20351,0.30470259958236684
OID21339,0.30333866672837234
OID30726,0.30333866672837234
OID21105,0.30333866672837234
OID20372,0.30333866672837234
OID21046,0.30306588015757346
OID31306,0.3027930935867746
OID30558,0.3027930935867746
OID20312,0.3011563741619812
OID30592,0.3011563741619812
OID20688,0.3008835875911823
OID20723,0.3006108010203834
OID20496,0.3000652278787856
OID20647,0.2992468681663889
OID21493,0.2992468681663889
OID20053,0.29897408159559
OID21083,0.29706457559999777
OID20184,0.29679178902919884
OID20176,0.29679178902919884
OID31466,0.29679178902919884
OID30356,0.29679178902919884
OID30665,0.2954278561752044
OID20633,0.2948822830336066
OID30311,0.2932455636088132
OID20387,0.29133605761322096
OID20635,0.29133605761322096
OID20193,0.29133605761322096
OID31044,0.291063271042422
OID31001,0.29079048447162315
OID31380,0.29079048447162315
OID30584,0.29079048447162315
OID21081,0.28942655161762865
OID30699,0.28915376504682977
OID20130,0.28915376504682977
OID20587,0.2888809784760309
OID31514,0.2872442590512375
OID20290,0.2869714724804386
OID30705,0.2869714724804386
OID30411,0.2866986859096397
OID21500,0.2861531127680419
OID21495,0.2853347530556452
OID21065,0.2853347530556452
OID30212,0.28478917991404745
OID30362,0.28424360677244964
OID30730,0.28342524706005295
OID20481,0.2831524604892541
OID21123,0.2831524604892541
OID30332,0.2831524604892541
OID20679,0.28287967391845514
OID21154,0.2823341007768574
OID20970,0.28124295449366177
OID20767,0.28124295449366177
OID30729,0.28124295449366177
OID21377,0.2809701679228629
OID30642,0.2809701679228629
OID20429,0.2809701679228629
OID20915,0.2793334484980695
OID21450,0.2793334484980695
OID21334,0.2787878753564717
OID20856,0.2787878753564717
OID20065,0.2787878753564717
OID31055,0.2787878753564717
OID21480,0.2787878753564717
OID31061,0.2787878753564717
OID20182,0.27715115593167833
OID30627,0.27715115593167833
OID31435,0.27715115593167833
OID21297,0.27687836936087945
OID21140,0.27687836936087945
OID21304,0.27687836936087945
OID21410,0.27687836936087945
OID30692,0.27687836936087945
OID30301,0.27606000964848276
OID30407,0.2757872230776839
OID20971,0.27551443650688495
OID21106,0.2752416499360861
OID30595,0.2752416499360861
OID21511,0.2744232902236894
OID20487,0.2733321439404938
OID30752,0.2733321439404938
OID30599,0.2733321439404938
OID31040,0.272786570798896
OID21375,0.272786570798896
OID20385,0.27114985137410264
OID20908,0.27087706480330376
OID30744,0.27087706480330376
OID21453,0.27087706480330376
OID30969,0.27033149166170595
OID30549,0.26896755880771145
OID20933,0.2673308393829181
OID20503,0.2667852662413203
OID30151,0.2667852662413203
OID20588,0.2667852662413203
OID30225,0.264875760245728
OID20163,0.264875760245728
OID30409,0.264875760245728
OID20967,0.26323904082093463
OID20471,0.26296625425013576
OID30706,0.26296625425013576
OID21102,0.2613295348253424
OID20179,0.2610567482545435
OID20897,0.2610567482545435
OID21075,0.2610567482545435
OID20786,0.2610567482545435
OID21000,0.26078396168374457
OID21097,0.26078396168374457
OID30711,0.26078396168374457
OID21407,0.2605111751129457
OID21020,0.259692815400549
OID30326,0.2591472422589512
OID30742,0.2591472422589512
OID31472,0.2588744556881523
OID21212,0.2588744556881523
OID20286,0.2588744556881523
OID20160,0.25723773626335894
OID21438,0.25696494969256006
OID20643,0.25696494969256006
OID20248,0.25696494969256006
OID30745,0.2553282302677667
OID30740,0.25505544369696775
OID30143,0.25505544369696775
OID30127,0.2547826571261689
OID31148,0.2547826571261689
OID30205,0.2531459377013755
OID31316,0.25123643170578325
OID21380,0.25123643170578325
OID30774,0.2509636451349843
OID31505,0.25041807199338656
OID21351,0.24932692571019094
OID20274,0.24932692571019094
OID30715,0.24932692571019094
OID21298,0.24905413913939206
OID20993,0.24878135256859316
OID20642,0.24878135256859316
OID30795,0.24878135256859316
OID30382,0.24878135256859316
OID31067,0.2457807002898053
OID21066,0.2452351271482075
OID31470,0.2452351271482075
OID21146,0.2452351271482075
OID20726,0.24496234057740862
OID30322,0.24332562115261525
OID20655,0.24332562115261525
OID20896,0.24332562115261525
OID21056,0.24305283458181634
OID20536,0.24278004801101744
OID30490,0.24278004801101744
OID30785,0.24114332858622406
OID20491,0.24114332858622406
OID30191,0.24087054201542518
OID30735,0.2392338225906318
OID20377,0.2392338225906318
OID20584,0.23759710316583843
OID20253,0.23732431659503953
OID20196,0.23732431659503953
OID21322,0.23732431659503953
OID20155,0.23705153002424062
OID30733,0.23705153002424062
OID30400,0.23705153002424062
OID30654,0.23677874345344174
OID21099,0.23677874345344174
OID20875,0.23677874345344174
OID30393,0.23677874345344174
OID20605,0.23514202402864837
OID21455,0.23486923745784946
OID21002,0.23405087774545277
OID20662,0.23323251803305609
OID30421,0.23295973146225718
OID30560,0.23295973146225718
OID20281,0.2321413717498605
OID21520,0.2313230120374638
OID31080,0.23077743889586602
OID30533,0.23077743889586602
OID30142,0.23077743889586602
OID20261,0.23050465232506712
OID20613,0.22968629261267043
OID31397,0.22914071947107265
OID20779,0.22886793290027374
OID21054,0.22723121347548036
OID21324,0.2269584269046815
OID20962,0.2269584269046815
OID31456,0.2261400671922848
OID31290,0.225594494050687
OID20919,0.2253217074798881
OID30717,0.2250489209090892
OID30242,0.2247761343382903
OID20668,0.2247761343382903
OID31102,0.2247761343382903
OID30331,0.2247761343382903
OID21460,0.22313941491349693
OID20644,0.22286662834269805
OID20319,0.22122990891790467
OID30328,0.22122990891790467
OID20947,0.22122990891790467
OID20291,0.22122990891790467
OID20215,0.22095712234710577
OID30741,0.22095712234710577
OID20213,0.21904761635151349
OID31424,0.2187748297807146
OID30871,0.2187748297807146
OID31063,0.2187748297807146
OID31415,0.2187748297807146
OID20638,0.21713811035592123
OID31150,0.21686532378512233
OID31111,0.21686532378512233
OID20983,0.21604696407272564
OID31509,0.21495581778953005
OID31049,0.21495581778953005
OID20773,0.21468303121873117
OID20752,0.21441024464793226
OID20390,0.21331909836473667
OID21524,0.21331909836473667
OID20243,0.21331909836473667
OID20601,0.21331909836473667
OID31149,0.2127735252231389
OID31116,0.2127735252231389
OID20745,0.2127735252231389
OID20700,0.21140959236914442
OID20743,0.2108640192275466
OID20792,0.2108640192275466
OID21522,0.2108640192275466
OID31416,0.2108640192275466
OID31288,0.20922729980275323
OID20595,0.20868172666115545
OID20413,0.20731779380716098
OID21396,0.20731779380716098
OID31513,0.20677222066556317
OID30488,0.20677222066556317
OID20230,0.20677222066556317
OID30247,0.20677222066556317
OID31452,0.20677222066556317
OID31486,0.20677222066556317
OID31014,0.20677222066556317
OID30883,0.20677222066556317
OID31030,0.20677222066556317
OID21025,0.2064994340947643
OID21327,0.20625204958694573
OID30771,0.2051355012407698
OID21095,0.2051355012407698
OID21326,0.20486271466997089
OID31517,0.204589928099172
OID20995,0.2032259952451775
OID31473,0.2032259952451775
OID20062,0.20295320867437863
OID20271,0.20186206239118304
OID21275,0.20131648924958526
OID20637,0.20131648924958526
OID20347,0.20131648924958526
OID30575,0.20104370267878635
OID20355,0.20077091610798745
OID30561,0.20077091610798745
OID31474,0.20077091610798745
OID21197,0.20077091610798745
OID20544,0.20077091610798745
OID31048,0.19913419668319407
OID20867,0.1988614101123952
OID21040,0.19722469068760182
OID20402,0.19722469068760182
OID30375,0.1969519041168029
OID30773,0.1969519041168029
OID30755,0.1969519041168029
OID31405,0.19531518469200954
OID31457,0.19476961155041175
OID30778,0.19395125183801507
OID20311,0.1912233861300261
OID30404,0.1912233861300261
OID20407,0.1912233861300261
OID31370,0.1912233861300261
OID20310,0.1912233861300261
OID20926,0.1909505995592272
OID31490,0.1909505995592272
OID20733,0.18931388013443382
OID20522,0.18931388013443382
OID21391,0.18904109356363494
OID21259,0.18876830699283603
OID20218,0.18876830699283603
OID20559,0.18876830699283603
OID20863,0.18876830699283603
OID20376,0.18713158756804266
OID20424,0.18685880099724375
OID31026,0.18685880099724375
OID30543,0.18658601442644487
OID30343,0.18522208157245038
OID20189,0.18522208157245038
OID20734,0.18522208157245038
OID20561,0.1849492950016515
OID21475,0.1849492950016515
OID21159,0.18331257557685812
OID20116,0.18303978900605922
OID30961,0.1827670024352603
OID30147,0.1827670024352603
OID20579,0.1827670024352603
OID30559,0.1827670024352603
OID30608,0.18113028301046694
OID20309,0.18085749643966806
OID31522,0.18085749643966806
OID20380,0.17922077701487468
OID20270,0.17922077701487468
OID30164,0.17894799044407578
OID20371,0.1773112710192824
OID21519,0.1773112710192824
OID30727,0.1773112710192824
OID21232,0.17676569787768462
OID30159,0.17676569787768462
OID30547,0.17676569787768462
OID20122,0.17676569787768462
OID31205,0.17676569787768462
OID30518,0.17676569787768462
OID21332,0.17676569787768462
OID21185,0.17594733816528793
OID21150,0.17512897845289124
OID20392,0.17512897845289124
OID20608,0.17485619188209234
OID20836,0.17485619188209234
OID30770,0.17321947245729896
OID21116,0.17321947245729896
OID20783,0.17321947245729896
OID21343,0.17294668588650006
OID30662,0.1710371798909078
OID30221,0.1710371798909078
OID30943,0.1707643933201089
OID21224,0.1707643933201089
OID31283,0.1707643933201089
OID21166,0.1707643933201089
OID31058,0.1707643933201089
OID30663,0.1707643933201089
OID20520,0.17049160674931
OID30669,0.16885488732451662
OID30160,0.16885488732451662
OID20589,0.16885488732451662
OID30759,0.16885488732451662
OID20695,0.16858210075371774
OID21329,0.16694538132892436
OID20747,0.16694538132892436
OID20772,0.16639980818732655
OID20095,0.16503587533333208
OID30574,0.16503587533333208
OID31455,0.16476308876253318
OID20515,0.16476308876253318
OID21277,0.16476308876253318
OID20878,0.16476308876253318
OID30222,0.16476308876253318
OID20553,0.16476308876253318
OID21041,0.16476308876253318
OID20113,0.1631263693377398
OID20766,0.1631263693377398
OID31194,0.16285358276694092
OID20514,0.16285358276694092
OID31501,0.16285358276694092
OID20727,0.16285358276694092
OID20590,0.16258079619614202
OID20180,0.16121686334214755
OID30324,0.16094407677134864
OID21489,0.15903457077575636
OID31185,0.15903457077575636
OID30904,0.15876178420495748
OID31319,0.15876178420495748
OID20341,0.1571250647801641
OID30645,0.1568522782093652
OID21037,0.15521555878457183
OID31516,0.15521555878457183
OID20877,0.15521555878457183
OID30854,0.15494277221377292
OID20249,0.15330605278897955
OID30613,0.15276047964738176
OID30887,0.15276047964738176
OID31481,0.15276047964738176
OID20399,0.1511237602225884
OID30413,0.1511237602225884
OID31469,0.1511237602225884
OID21110,0.1492142542269961
OID20661,0.1492142542269961
OID21422,0.1492142542269961
OID20769,0.14894146765619723
OID31052,0.14675917508980604
OID20510,0.14675917508980604
OID30188,0.14675917508980604
OID30214,0.14675917508980604
OID21309,0.14675917508980604
OID31335,0.14675917508980604
OID30241,0.14675917508980604
OID31094,0.14512245566501267
OID30548,0.1448496690942138
OID21182,0.1448496690942138
OID21292,0.1448496690942138
OID20259,0.1429401630986215
OID20263,0.1429401630986215
OID20585,0.14130344367382813
OID20306,0.14130344367382813
OID30381,0.14130344367382813
OID31377,0.14103065710302923
OID30493,0.14075787053223035
OID30541,0.14075787053223035
OID20894,0.14075787053223035
OID20850,0.14075787053223035
OID31494,0.14075787053223035
OID31372,0.14075787053223035
OID31471,0.13884836453663807
OID20102,0.1374844316826436
OID20317,0.1372116451118447
OID21517,0.1372116451118447
OID21060,0.1372116451118447
OID30751,0.1372116451118447
OID31249,0.13557492568705132
OID30666,0.1353021391162524
OID21071,0.13502935254545353
OID20275,0.13475656597465463
OID31436,0.13475656597465463
OID20167,0.13311984654986125
OID31123,0.13284705997906235
OID30553,0.13284705997906235
OID30935,0.13202870026666566
OID30683,0.13121034055426897
OID30696,0.13121034055426897
OID31103,0.1309375539834701
OID30319,0.12930083455867672
OID20147,0.12930083455867672
OID30235,0.12930083455867672
OID20299,0.12930083455867672
OID30258,0.1287552614170789
OID31485,0.1287552614170789
OID30269,0.1287552614170789
OID21176,0.1287552614170789
OID20820,0.1287552614170789
OID20326,0.12711854199228553
OID31418,0.12684575542148666
OID31396,0.12684575542148666
OID20953,0.12684575542148666
OID21490,0.12520903599669328
OID20247,0.12520903599669328
OID30389,0.12520903599669328
OID31382,0.12493624942589437
OID20185,0.123299530001101
OID20170,0.123299530001101
OID21321,0.123299530001101
OID20843,0.1227539568595032
OID20495,0.12111723743470983
OID20328,0.12111723743470983
OID20893,0.11920773143911756
OID21492,0.11920773143911756
OID31021,0.11893494486831865
OID20077,0.11893494486831865
OID21214,0.11729822544352528
OID20350,0.11729822544352528
OID20158,0.11729822544352528
OID31069,0.11729822544352528
OID20084,0.1167526523019275
OID21086,0.1167526523019275
OID31358,0.1167526523019275
OID20131,0.11511593287713412
OID21291,0.11511593287713412
OID20386,0.11484314630633521
OID30776,0.11320642688154184
OID20943,0.11320642688154184
OID30398,0.11320642688154184
OID20318,0.11320642688154184
OID20354,0.11320642688154184
OID31488,0.11293364031074295
OID31493,0.11238806716914515
OID30704,0.11129692088594957
OID30300,0.11129692088594957
OID30769,0.11102413431515068
OID20075,0.11102413431515068
OID21436,0.11075134774435177
OID30505,0.11075134774435177
OID31241,0.11075134774435177
OID20494,0.1091146283195584
OID20289,0.10884184174875951
OID30358,0.10884184174875951
OID21219,0.10884184174875951
OID20368,0.10747790889476502
OID30869,0.10665954918236834
OID20984,0.10502282975757496
OID21269,0.10475004318677607
OID21387,0.10475004318677607
OID30117,0.10311332376198269
OID20279,0.10311332376198269
OID20996,0.10120381776639041
OID20763,0.10120381776639041
OID30808,0.10093103119559152
OID31046,0.10093103119559152
OID20576,0.09929431177079814
OID20550,0.09929431177079814
OID21381,0.09929431177079814
OID20356,0.09929431177079814
OID31024,0.09874873862920035
OID20729,0.09874873862920035
OID31381,0.09874873862920035
OID31441,0.09874873862920035
OID30209,0.09874873862920035
OID31519,0.09874873862920035
OID31460,0.09711201920440697
OID20557,0.09683923263360808
OID21516,0.09656644606280919
OID20186,0.0952025132088147
OID30799,0.09274743407162464
OID31077,0.09274743407162464
OID21400,0.09111071464683126
OID20611,0.09056514150523347
OID30698,0.089201208651239
OID31478,0.08892842208044009
OID20754,0.08838284893884231
OID21093,0.08729170265564672
OID31235,0.08729170265564672
OID20125,0.08729170265564672
OID20406,0.08701891608484782
OID20876,0.08701891608484782
OID31127,0.08674612951404893
OID20958,0.08674612951404893
OID30280,0.08674612951404893
OID30273,0.08674612951404893
OID20436,0.08674612951404893
OID31135,0.08674612951404893
OID20871,0.08510941008925556
OID30470,0.08483662351845665
OID20208,0.08483662351845665
OID20191,0.08319990409366328
OID20666,0.08319990409366328
OID21423,0.08319990409366328
OID30223,0.08319990409366328
OID30784,0.08129039809807101
OID30501,0.08074482495647321
OID30532,0.08074482495647321
OID20689,0.08074482495647321
OID20621,0.07992646524407652
OID30391,0.07910810553167984
OID20383,0.07910810553167984
OID20854,0.07883531896088095
OID31035,0.07883531896088095
OID21142,0.07719859953608757
OID20366,0.07719859953608757
OID30113,0.07692581296528868
OID20228,0.07692581296528868
OID30725,0.0752890935404953
OID21078,0.0750163069696964
OID30519,0.0747435203988975
OID30925,0.0747435203988975
OID20855,0.0747435203988975
OID30985,0.0747435203988975
OID21225,0.0747435203988975
OID30523,0.0747435203988975
OID30323,0.0747435203988975
OID31010,0.0747435203988975
OID30859,0.0747435203988975
OID31039,0.0747435203988975
OID30197,0.07337958754490302
OID21525,0.07310680097410413
OID20142,0.07310680097410413
OID31255,0.07119729497851186
OID30815,0.07119729497851186
OID20257,0.07119729497851186
OID20573,0.07092450840771296
OID31022,0.07092450840771296
OID20565,0.06928778898291958
OID20525,0.06928778898291958
OID30554,0.06901500241212069
OID30220,0.0687422158413218
OID31142,0.0687422158413218
OID21003,0.0687422158413218
OID20345,0.06519599042093614
OID30712,0.06519599042093614
OID31082,0.06465041727933836
OID30947,0.06383205756694167
OID20352,0.06328648442534388
OID20540,0.06328648442534388
OID21314,0.06274091128374608
OID31037,0.06274091128374608
OID30243,0.06274091128374608
OID20906,0.0613769784297516
OID30750,0.059194685863360436
OID20321,0.059194685863360436
OID21526,0.059194685863360436
OID31212,0.05892189929256154
OID31420,0.05892189929256154
OID21008,0.05728517986776816
OID31068,0.05728517986776816
OID31320,0.05701239329696926
OID30474,0.05673960672617037
OID20833,0.05673960672617037
OID21149,0.05673960672617037
OID30691,0.056466820155371474
OID20861,0.05401174101818141
OID20998,0.05319338130578472
OID21411,0.05128387531019245
OID31020,0.05128387531019245
OID20211,0.05128387531019245
OID30653,0.05101108873939355
OID20615,0.05073830216859466
OID20485,0.05073830216859466
OID30115,0.05073830216859466
OID21077,0.05073830216859466
OID30894,0.049374369314600174
OID30617,0.04910158274380128
OID20192,0.048828796173002384
OID20885,0.04719207674820901
OID20669,0.04691929017741011
OID21408,0.045282570752616734
OID30248,0.044736997611018944
OID20445,0.044736997611018944
OID20497,0.044736997611018944
OID31442,0.044736997611018944
OID31070,0.044736997611018944
OID20549,0.044736997611018944
OID20187,0.04282749161542667
OID31489,0.04282749161542667
OID30412,0.041190772190633294
OID21050,0.041190772190633294
OID21057,0.041190772190633294
OID30570,0.040099625907437715
OID31275,0.03982683933663882
OID30709,0.03928126619504103
OID20226,0.03900847962424213
OID30668,0.03900847962424213
OID30069,0.03873569305344323
OID20895,0.03873569305344323
OID31139,0.03873569305344323
OID20314,0.037098973628649855
OID30765,0.037098973628649855
OID31426,0.03682618705785096
OID20541,0.03518946763305759
OID20799,0.03491668106225869
OID30723,0.03491668106225869
OID30282,0.03491668106225869
OID31107,0.03491668106225869
OID21283,0.03491668106225869
OID31409,0.03327996163746531
OID21152,0.03327996163746531
OID20214,0.03327996163746531
OID30605,0.032734388495867524
OID31520,0.032734388495867524
OID20552,0.032734388495867524
OID30974,0.029188163075481874
OID21009,0.029188163075481874
OID30276,0.0272786570798896
OID20175,0.0272786570798896
OID21011,0.0272786570798896
OID21478,0.0272786570798896
OID30078,0.027005870509090705
OID31386,0.02673308393829181
OID30522,0.02673308393829181
OID31322,0.02673308393829181
OID30483,0.02509636451349843
OID21221,0.024823577942699536
OID31174,0.024823577942699536
OID20761,0.024823577942699536
OID30296,0.02318685851790616
OID21512,0.02318685851790616
OID20212,0.02318685851790616
OID21457,0.02127735252231389
OID31276,0.02100456595151499
OID31134,0.020731779380716096
OID20118,0.020731779380716096
OID21211,0.020731779380716096
OID20691,0.01909505995592272
OID30473,0.018003913672727138
OID30200,0.01773112710192824
OID20173,0.01718555396033045
OID30374,0.01718555396033045
OID30498,0.01718555396033045
OID20129,0.01691276738953155
OID30732,0.015276047964738176
OID20928,0.015276047964738176
OID20268,0.015276047964738176
OID21342,0.013093755398347008
OID30499,0.011457035973553633
OID20560,0.011184249402754736
OID30788,0.011184249402754736
OID21028,0.011184249402754736
OID20051,0.01091146283195584
OID20501,0.009274743407162464
OID30163,0.008729170265564672
OID20431,0.007910810553167984
OID21350,0.0068196642699724
OID21006,0.005182944845179024
OID20362,0.005182944845179024
OID30528,0.005182944845179024
OID30369,0.004910158274380128
OID20813,0.004910158274380128
OID30601,0.004910158274380128
OID20409,0.003000652278787856
OID30525,0.00272786570798896
OID21206,0.00272786570798896
OID31307,0.00272786570798896
OID30231,0.00272786570798896
OID31408,0.001909505995592272
OID20593,0.001091146283195584
OID20887,0.001091146283195584
OID30964,0.000818359712396688
OID20598,-0.000545573141597792
OID31498,-0.000818359712396688
OID31032,-0.000818359712396688
OID20467,-0.000818359712396688
OID20771,-0.00272786570798896
OID20816,-0.00272786570798896
OID20558,-0.003000652278787856
OID31263,-0.003273438849586752
OID20551,-0.003273438849586752
OID30893,-0.003273438849586752
OID31033,-0.003273438849586752
OID30185,-0.003273438849586752
OID21036,-0.003273438849586752
OID20427,-0.004910158274380128
OID20827,-0.005182944845179024
OID20442,-0.005182944845179024
OID30920,-0.006274091128374608
OID21443,-0.0068196642699724
OID30395,-0.0068196642699724
OID20219,-0.0070924508407712965
OID31018,-0.0070924508407712965
OID21177,-0.008729170265564672
OID20965,-0.008729170265564672
OID30480,-0.008729170265564672
OID21468,-0.009001956836363569
OID30514,-0.009274743407162464
OID30888,-0.009274743407162464
OID21470,-0.009274743407162464
OID30966,-0.012820968827548112
OID31057,-0.013093755398347008
OID20168,-0.014730474823140384
OID21130,-0.014730474823140384
OID21249,-0.015003261393939281
OID30360,-0.015276047964738176
OID20476,-0.015276047964738176
OID20124,-0.015276047964738176
OID20577,-0.015276047964738176
OID31277,-0.015276047964738176
OID31224,-0.015276047964738176
OID30119,-0.015276047964738176
OID30107,-0.015548834535537072
OID30309,-0.016094407677134864
OID21044,-0.01691276738953155
OID20421,-0.01691276738953155
OID31443,-0.01718555396033045
OID31437,-0.017458340531129345
OID20339,-0.018822273385123826
OID20358,-0.018822273385123826
OID20064,-0.01909505995592272
OID20534,-0.01909505995592272
OID20169,-0.019640633097520514
OID20678,-0.020731779380716096
OID30316,-0.02100456595151499
OID21253,-0.02127735252231389
OID31256,-0.02127735252231389
OID31257,-0.02127735252231389
OID20942,-0.02127735252231389
OID30110,-0.02127735252231389
OID30915,-0.022095712234710577
OID31346,-0.02318685851790616
OID30929,-0.02318685851790616
OID20201,-0.024823577942699536
OID30520,-0.02509636451349843
OID30551,-0.02536915108429733
OID21305,-0.02673308393829181
OID21229,-0.0272786570798896
OID31064,-0.0272786570798896
OID30102,-0.0272786570798896
OID30256,-0.0272786570798896
OID30195,-0.0272786570798896
OID21477,-0.0272786570798896
OID30965,-0.02946094964628077
OID20237,-0.03082488250027525
OID21467,-0.03082488250027525
OID21398,-0.03082488250027525
OID20379,-0.031097669071074144
OID30186,-0.031097669071074144
OID30403,-0.032734388495867524
OID30807,-0.033007175066666415
OID31503,-0.03327996163746531
OID31087,-0.03327996163746531
OID31193,-0.03355274820826421
OID31287,-0.03491668106225869
OID31439,-0.03518946763305759
OID20123,-0.03518946763305759
OID21032,-0.03518946763305759
OID21234,-0.03518946763305759
OID20682,-0.03518946763305759
OID20512,-0.03518946763305759
OID30924,-0.03546225420385648
OID21047,-0.03682618705785096
OID20994,-0.037098973628649855
OID30504,-0.03791733334104654
OID30620,-0.03873569305344323
OID30714,-0.03873569305344323
OID30789,-0.03873569305344323
OID31233,-0.03928126619504103
OID30240,-0.03928126619504103
OID31009,-0.03928126619504103
OID21175,-0.03928126619504103
OID30875,-0.03928126619504103
OID20526,-0.03928126619504103
OID31313,-0.03928126619504103
OID31078,-0.03928126619504103
OID31056,-0.03928126619504103
OID20857,-0.040645199049035505
OID21222,-0.040645199049035505
OID21530,-0.0409179856198344
OID30675,-0.04200913190302998
OID31278,-0.04200913190302998
OID31451,-0.04282749161542667
OID20455,-0.04364585132782336
OID21402,-0.044736997611018944
OID31090,-0.044736997611018944
OID31017,-0.04500978418181784
OID30495,-0.045282570752616734
OID30293,-0.045282570752616734
OID21348,-0.045282570752616734
OID30927,-0.04582814389421453
OID20880,-0.04691929017741011
OID30991,-0.04719207674820901
OID31274,-0.048010436460605696
OID30867,-0.048556009602203486
OID30444,-0.048828796173002384
OID30455,-0.048828796173002384
OID31209,-0.04910158274380128
OID30556,-0.04964715588539907
OID30372,-0.05073830216859466
OID20504,-0.05073830216859466
OID20133,-0.05073830216859466
OID21415,-0.05073830216859466
OID30555,-0.05128387531019245
OID30445,-0.05128387531019245
OID31211,-0.052375021593388034
OID31352,-0.052375021593388034
OID20443,-0.05319338130578472
OID31270,-0.05319338130578472
OID20909,-0.05319338130578472
OID21487,-0.0548301007305781
OID20978,-0.0548301007305781
OID30491,-0.0548301007305781
OID21187,-0.055921247013773684
OID20235,-0.05673960672617037
OID20357,-0.05673960672617037
OID30618,-0.05701239329696926
OID31132,-0.05728517986776816
OID31317,-0.05728517986776816
OID31034,-0.05837632615096375
OID30370,-0.05892189929256154
OID21315,-0.05892189929256154
OID20658,-0.05892189929256154
OID20138,-0.059194685863360436
OID31344,-0.059194685863360436
OID30114,-0.06083140528815381
OID30754,-0.06083140528815381
OID21484,-0.06274091128374608
OID21514,-0.06328648442534388
OID21250,-0.06328648442534388
OID30244,-0.06328648442534388
OID31019,-0.06328648442534388
OID31147,-0.06328648442534388
OID21405,-0.06328648442534388
OID31371,-0.06492320385013725
OID21092,-0.06683270984572952
OID21235,-0.06683270984572952
OID31197,-0.06683270984572952
OID20862,-0.06683270984572952
OID31066,-0.0687422158413218
OID31081,-0.0687422158413218
OID31179,-0.06928778898291958
OID30876,-0.06928778898291958
OID30845,-0.06983336212451738
OID20079,-0.07037893526611518
OID30950,-0.07065172183691407
OID30539,-0.07065172183691407
OID31309,-0.07065172183691407
OID30835,-0.07092450840771296
OID20945,-0.07092450840771296
OID30388,-0.07119729497851186
OID31343,-0.07119729497851186
OID31073,-0.07119729497851186
OID30629,-0.07119729497851186
OID30538,-0.07119729497851186
OID20946,-0.07283401440330524
OID20403,-0.07283401440330524
OID30905,-0.07392516068650082
OID21072,-0.0747435203988975
OID20939,-0.0747435203988975
OID20902,-0.07719859953608757
OID31254,-0.07828974581928315
OID21035,-0.07883531896088095
OID30284,-0.07883531896088095
OID30486,-0.07883531896088095
OID21366,-0.07883531896088095
OID30385,-0.07910810553167984
OID20500,-0.07910810553167984
OID21330,-0.08074482495647321
OID30468,-0.08129039809807101
OID30524,-0.08129039809807101
OID21172,-0.08129039809807101
OID21240,-0.08129039809807101
OID20918,-0.08129039809807101
OID31183,-0.0818359712396688
OID31242,-0.0818359712396688
OID30926,-0.08238154438126659
OID21406,-0.08319990409366328
OID31273,-0.08456383694765776
OID20814,-0.08456383694765776
OID30612,-0.08456383694765776
OID30710,-0.08483662351845665
OID21274,-0.08483662351845665
OID20320,-0.08483662351845665
OID30648,-0.08674612951404893
OID30989,-0.08729170265564672
OID30237,-0.08729170265564672
OID20865,-0.08729170265564672
OID21141,-0.089201208651239
OID30377,-0.09001956836363569
OID31238,-0.09029235493443458
OID31214,-0.09029235493443458
OID30777,-0.09083792807603237
OID20473,-0.09111071464683126
OID30466,-0.09111071464683126
OID31062,-0.09111071464683126
OID21055,-0.09138350121763016
OID30103,-0.09329300721322244
OID31120,-0.09329300721322244
OID31247,-0.09356579378402133
OID21246,-0.0952025132088147
OID30873,-0.09629365949201028
OID21372,-0.09683923263360808
OID31394,-0.09711201920440697
OID20166,-0.09765759234600477
OID20830,-0.09847595205840146
OID30298,-0.09874873862920035
OID20807,-0.09874873862920035
OID30334,-0.09902152519999925
OID30801,-0.09929431177079814
OID30636,-0.09929431177079814
OID31311,-0.10011267148319483
OID21067,-0.10011267148319483
OID20818,-0.10120381776639041
OID31325,-0.10174939090798821
OID21510,-0.10284053719118379
OID20759,-0.10284053719118379
OID21529,-0.10284053719118379
OID31231,-0.10529561632837386
OID31042,-0.10611397604077055
OID31005,-0.10693233575316724
OID30087,-0.10720512232396613
OID20452,-0.10747790889476502
OID20085,-0.11047856117355288
OID30503,-0.11047856117355288
OID21196,-0.11102413431515068
OID31114,-0.11129692088594957
OID31221,-0.11266085373994406
OID30123,-0.11293364031074295
OID20832,-0.11320642688154184
OID30206,-0.11320642688154184
OID20478,-0.11320642688154184
OID20521,-0.11429757316473743
OID21085,-0.11484314630633521
OID31108,-0.11484314630633521
OID21236,-0.11511593287713412
OID30839,-0.11511593287713412
OID30684,-0.11538871944793301
OID20667,-0.1167526523019275
OID31145,-0.11729822544352528
OID31156,-0.11729822544352528
OID21337,-0.11729822544352528
OID30156,-0.11811658515592197
OID31012,-0.11838937172672087
OID30060,-0.11920773143911756
OID30072,-0.12029887772231314
OID20990,-0.1227539568595032
OID21181,-0.123299530001101
OID31379,-0.123299530001101
OID30972,-0.12466346285509547
OID31192,-0.12493624942589437
OID30891,-0.12520903599669328
OID21168,-0.12520903599669328
OID21213,-0.12548182256749216
OID30942,-0.12684575542148666
OID20416,-0.12684575542148666
OID20968,-0.12684575542148666
OID31366,-0.12711854199228553
OID31047,-0.12711854199228553
OID30517,-0.1287552614170789
OID21266,-0.12930083455867672
OID30992,-0.13121034055426897
OID31431,-0.13311984654986125
OID20892,-0.13311984654986125
OID30981,-0.1369388585410458
OID30089,-0.1372116451118447
OID21094,-0.14075787053223035
OID20181,-0.14075787053223035
OID20609,-0.14075787053223035
OID21070,-0.14075787053223035
OID30527,-0.14075787053223035
OID30128,-0.14103065710302923
OID30652,-0.14103065710302923
OID31065,-0.14130344367382813
OID31497,-0.14130344367382813
OID20545,-0.14130344367382813
OID30660,-0.1429401630986215
OID20159,-0.1429401630986215
OID31399,-0.1429401630986215
OID31398,-0.1448496690942138
OID20660,-0.1448496690942138
OID30994,-0.14512245566501267
OID20622,-0.14675917508980604
OID21488,-0.14675917508980604
OID30364,-0.14675917508980604
OID31495,-0.14675917508980604
OID20538,-0.14675917508980604
OID20375,-0.14675917508980604
OID21462,-0.14675917508980604
OID31084,-0.14730474823140385
OID30931,-0.14757753480220273
OID30940,-0.14839589451459942
OID30792,-0.14866868108539832
OID30803,-0.1492142542269961
OID20640,-0.149487040797795
OID31384,-0.15085097365178948
OID30180,-0.1511237602225884
OID21497,-0.15276047964738176
OID30853,-0.15330605278897955
OID30918,-0.15330605278897955
OID30836,-0.15330605278897955
OID20853,-0.15330605278897955
OID30811,-0.15385162593057736
OID20488,-0.15385162593057736
OID30537,-0.15385162593057736
OID30373,-0.15412441250137623
OID20987,-0.15439719907217514
OID21255,-0.15521555878457183
OID31143,-0.15521555878457183
OID20809,-0.15548834535537073
OID30970,-0.15603391849696852
OID30146,-0.1568522782093652
OID20951,-0.1568522782093652
OID21303,-0.1568522782093652
OID20412,-0.1568522782093652
OID21254,-0.1576706379217619
OID30173,-0.1579434244925608
OID21001,-0.15876178420495748
OID30464,-0.15876178420495748
OID21481,-0.15876178420495748
OID31360,-0.15930735734655527
OID31419,-0.15930735734655527
OID20627,-0.15930735734655527
OID30270,-0.15930735734655527
OID21382,-0.15958014391735417
OID31131,-0.15958014391735417
OID20092,-0.16094407677134864
OID21192,-0.16121686334214755
OID31507,-0.16121686334214755
OID30506,-0.16203522305454424
OID31412,-0.16203522305454424
OID30963,-0.1623080096253431
OID20571,-0.16285358276694092
OID31400,-0.1631263693377398
OID30824,-0.1633991559085387
OID21198,-0.1639447290501365
OID20115,-0.16476308876253318
OID30266,-0.16476308876253318
OID31413,-0.16503587533333208
OID31291,-0.16503587533333208
OID31292,-0.16503587533333208
OID30174,-0.16503587533333208
OID31246,-0.16503587533333208
OID30126,-0.165308661904131
OID31524,-0.16721816789972324
OID31152,-0.16721816789972324
OID30982,-0.16721816789972324
OID31427,-0.16885488732451662
OID31181,-0.16912767389531552
OID21306,-0.17021882017851112
OID20400,-0.1707643933201089
OID21505,-0.1707643933201089
OID21111,-0.1707643933201089
OID21442,-0.17130996646170668
OID30325,-0.17130996646170668
OID31378,-0.17130996646170668
OID31208,-0.17130996646170668
OID30456,-0.17130996646170668
OID20483,-0.17321947245729896
OID31160,-0.17321947245729896
OID20365,-0.17485619188209234
OID30349,-0.17485619188209234
OID21127,-0.17485619188209234
OID20842,-0.17485619188209234
OID31240,-0.17512897845289124
OID20801,-0.1764929113068857
OID30944,-0.17894799044407578
OID30134,-0.17894799044407578
OID31146,-0.17894799044407578
OID30814,-0.17922077701487468
OID31071,-0.17922077701487468
OID30352,-0.18085749643966806
OID21393,-0.18113028301046694
OID20535,-0.1827670024352603
OID31491,-0.1827670024352603
OID20474,-0.1827670024352603
OID21302,-0.18522208157245038
OID21157,-0.18522208157245038
OID21171,-0.18522208157245038
OID30059,-0.18549486814324928
OID20256,-0.18685880099724375
OID30182,-0.18685880099724375
OID20359,-0.18876830699283603
OID31059,-0.18931388013443382
OID20899,-0.18931388013443382
OID21308,-0.1912233861300261
OID20080,-0.1912233861300261
OID30125,-0.19258731898402057
OID21456,-0.19286010555481947
OID30615,-0.19286010555481947
OID21256,-0.19286010555481947
OID31492,-0.19504239812121063
OID20851,-0.19504239812121063
OID21295,-0.19531518469200954
OID30916,-0.1969519041168029
OID20506,-0.1969519041168029
OID30079,-0.1969519041168029
OID31268,-0.19722469068760182
OID31526,-0.19722469068760182
OID21170,-0.1985886235415963
OID20709,-0.1988614101123952
OID30071,-0.19913419668319407
OID30158,-0.19995255639559076
OID21313,-0.20077091610798745
OID31341,-0.20131648924958526
OID20241,-0.20186206239118304
OID21376,-0.20213484896198194
OID31410,-0.20295320867437863
OID31105,-0.2032259952451775
OID20112,-0.20377156838677532
OID30286,-0.20486271466997089
OID20719,-0.20486271466997089
OID31184,-0.2051355012407698
OID31157,-0.2051355012407698
OID31432,-0.2064994340947643
OID20740,-0.20677222066556317
OID30442,-0.20677222066556317
OID31293,-0.20677222066556317
OID21199,-0.20731779380716098
OID21242,-0.20731779380716098
OID30479,-0.20731779380716098
OID30183,-0.20731779380716098
OID31425,-0.20922729980275323
OID30181,-0.20922729980275323
OID21498,-0.20950008637355214
OID30908,-0.20977287294435104
OID30586,-0.2108640192275466
OID30633,-0.2108640192275466
OID30178,-0.2111368057983455
OID20914,-0.2127735252231389
OID31093,-0.2127735252231389
OID20597,-0.2127735252231389
OID30361,-0.21331909836473667
OID31252,-0.21331909836473667
OID31453,-0.21522860436032895
OID30825,-0.21522860436032895
OID31159,-0.21604696407272564
OID30430,-0.21686532378512233
OID30295,-0.21713811035592123
OID31091,-0.21713811035592123
OID20797,-0.2185020432099157
OID20725,-0.2187748297807146
OID21252,-0.2187748297807146
OID20938,-0.2187748297807146
OID20204,-0.2187748297807146
OID20094,-0.2187748297807146
OID31220,-0.21904761635151349
OID31136,-0.2193204029223124
OID20910,-0.2193204029223124
OID31203,-0.2195931894931113
OID21271,-0.21986597606391017
OID30937,-0.22013876263470908
OID21279,-0.22016587832892223
OID21370,-0.22095712234710577
OID30886,-0.22150269548870355
OID31007,-0.22259384177189914
OID20547,-0.22286662834269805
OID31464,-0.22286662834269805
OID30472,-0.2239577746258936
OID30511,-0.22450334776749142
OID21413,-0.2247761343382903
OID31189,-0.2250489209090892
OID31250,-0.2253217074798881
OID31487,-0.2253217074798881
OID31016,-0.2253217074798881
OID21319,-0.2269584269046815
OID31045,-0.22886793290027374
OID21473,-0.22886793290027374
OID20090,-0.22886793290027374
OID30141,-0.22914071947107265
OID30881,-0.22968629261267043
OID20198,-0.23077743889586602
OID20936,-0.23077743889586602
OID31447,-0.2313230120374638
OID31508,-0.2313230120374638
OID31355,-0.2326869448914583
OID20061,-0.23323251803305609
OID31390,-0.23323251803305609
OID20934,-0.23323251803305609
OID21358,-0.23486923745784946
OID20664,-0.23486923745784946
OID30917,-0.23541481059944724
OID20438,-0.23677874345344174
OID30805,-0.23705153002424062
OID30106,-0.23732431659503953
OID31072,-0.23732431659503953
OID31324,-0.23732431659503953
OID20524,-0.2381426763074362
OID30090,-0.2389610360198329
OID20889,-0.2389610360198329
OID30408,-0.2389610360198329
OID21359,-0.2392338225906318
OID30793,-0.24087054201542518
OID20798,-0.24114332858622406
OID30997,-0.24114332858622406
OID20531,-0.24114332858622406
OID20493,-0.24114332858622406
OID30830,-0.24196168829862075
OID20529,-0.24278004801101744
OID20099,-0.24278004801101744
OID20313,-0.24278004801101744
OID20300,-0.24278004801101744
OID20699,-0.24305283458181634
OID30946,-0.24305283458181634
OID31480,-0.24414398086501193
OID30912,-0.2444167674358108
OID30851,-0.2452351271482075
OID31222,-0.2452351271482075
OID30858,-0.2457807002898053
OID20426,-0.24687184657300087
OID21518,-0.24687184657300087
OID30077,-0.24769020628539756
OID21193,-0.24769020628539756
OID30118,-0.24878135256859316
OID31008,-0.24878135256859316
OID31151,-0.24878135256859316
OID20152,-0.24878135256859316
OID20423,-0.24878135256859316
OID30302,-0.24932692571019094
OID30434,-0.25041807199338656
OID21369,-0.251782004847381
OID31198,-0.2526003645597777
OID20931,-0.2528731511305766
OID20420,-0.2528731511305766
OID21260,-0.2528731511305766
OID30671,-0.2528731511305766
OID30768,-0.2528731511305766
OID21186,-0.2531459377013755
OID31280,-0.2534187242721744
OID31167,-0.2536915108429733
OID20686,-0.2547826571261689
OID20477,-0.2547826571261689
OID21233,-0.25505544369696775
OID20071,-0.2553282302677667
OID30816,-0.25587380340936444
OID20505,-0.25641937655096225
OID31314,-0.25669216312176113
OID30063,-0.25696494969256006
OID20428,-0.25723773626335894
OID20881,-0.25723773626335894
OID30194,-0.25723773626335894
OID30856,-0.2575105228341578
OID20052,-0.25860166911735344
OID30882,-0.2588744556881523
OID21440,-0.2588744556881523
OID31196,-0.2591472422589512
OID30463,-0.2594200288297501
OID30075,-0.2599656019713479
OID30787,-0.26078396168374457
OID31191,-0.2610567482545435
OID20554,-0.2613295348253424
OID20578,-0.2618751079669402
OID20828,-0.2626934676793369
OID20596,-0.26296625425013576
OID31448,-0.26296625425013576
OID21416,-0.26323904082093463
OID30148,-0.2656941199581247
OID31296,-0.2656941199581247
OID31271,-0.2665124796705214
OID21340,-0.2667852662413203
OID21328,-0.2667852662413203
OID30068,-0.2667852662413203
OID30949,-0.2670580528121192
OID30607,-0.2673308393829181
OID31499,-0.2673308393829181
OID21323,-0.2673308393829181
OID21445,-0.2692403453785104
OID31187,-0.2692403453785104
OID31164,-0.2692403453785104
OID20706,-0.27087706480330376
OID30890,-0.27087706480330376
OID21352,-0.27087706480330376
OID31248,-0.27114985137410264
OID31359,-0.27114985137410264
OID30067,-0.2714226379449015
OID30938,-0.2714226379449015
OID31213,-0.27169542451570045
OID20205,-0.272786570798896
OID31173,-0.272786570798896
OID20873,-0.272786570798896
OID20369,-0.272786570798896
OID21363,-0.2733321439404938
OID30436,-0.27551443650688495
OID31328,-0.27606000964848276
OID20068,-0.27687836936087945
OID20600,-0.27715115593167833
OID30956,-0.27824230221487395
OID31345,-0.27906066192727064
OID30201,-0.2793334484980695
OID20683,-0.2793334484980695
OID31027,-0.2793334484980695
OID31266,-0.2796062350688684
OID20794,-0.2796062350688684
OID30092,-0.280697381352064
OID21464,-0.2809701679228629
OID30936,-0.2809701679228629
OID30829,-0.2823341007768574
OID31099,-0.28478917991404745
OID30224,-0.28478917991404745
OID21273,-0.28478917991404745
OID30786,-0.28478917991404745
OID20728,-0.28478917991404745
OID21209,-0.2853347530556452
OID30892,-0.28560753962644414
OID30910,-0.28560753962644414
OID31433,-0.2869714724804386
OID30567,-0.2875170456220364
OID31234,-0.28778983219283527
OID30213,-0.2888809784760309
OID20612,-0.2888809784760309
OID31440,-0.28915376504682977
OID20492,-0.28915376504682977
OID31200,-0.29024491133002533
OID30507,-0.29133605761322096
OID30425,-0.29133605761322096
OID30076,-0.29133605761322096
OID20082,-0.29215441732561764
OID20435,-0.2926999904672154
OID30452,-0.29297277703801433
OID20602,-0.29297277703801433
OID30204,-0.2932455636088132
OID20800,-0.2932455636088132
OID31244,-0.2948822830336066
OID20389,-0.29679178902919884
OID20581,-0.29679178902919884
OID20712,-0.29679178902919884
OID21005,-0.29679178902919884
OID31445,-0.29733736217079665
OID21013,-0.29733736217079665
OID30084,-0.29733736217079665
OID31374,-0.29733736217079665
OID20105,-0.29897408159559
OID31518,-0.29897408159559
OID31354,-0.29897408159559
OID31304,-0.29897408159559
OID31153,-0.2992468681663889
OID31351,-0.2992468681663889
OID30889,-0.3003380144495845
OID30907,-0.3008835875911823
OID30363,-0.3008835875911823
OID20634,-0.3008835875911823
OID30427,-0.3027930935867746
OID20888,-0.3027930935867746
OID21346,-0.3027930935867746
OID31349,-0.30333866672837234
OID30330,-0.30333866672837234
OID31166,-0.30333866672837234
OID31525,-0.30333866672837234
OID31243,-0.3049753861531657
OID30453,-0.3049753861531657
OID30245,-0.30524817272396465
OID30667,-0.30524817272396465
OID21429,-0.306884892148758
OID21064,-0.306884892148758
OID30447,-0.3087943981443503
OID30977,-0.3087943981443503
OID30513,-0.3087943981443503
OID30932,-0.3087943981443503
OID30534,-0.30906718471514916
OID30880,-0.3093399712859481
OID21241,-0.3093399712859481
OID20837,-0.30961275785674697
OID20882,-0.30988554442754584
OID31195,-0.31097669071074147
OID31236,-0.31206783699393703
OID30216,-0.3123406235647359
OID30614,-0.3128861967063337
OID31245,-0.3128861967063337
OID20594,-0.3142501295603282
OID30510,-0.314795702701926
OID31083,-0.314795702701926
OID20396,-0.314795702701926
OID21007,-0.314795702701926
OID20713,-0.314795702701926
OID31202,-0.314795702701926
OID20575,-0.3150684892727249
OID31279,-0.3153412758435238
OID30945,-0.3153412758435238
OID20296,-0.3153412758435238
OID20930,-0.3153412758435238
OID31368,-0.31725078183911604
OID21026,-0.3188875012639094
OID21074,-0.3188875012639094
OID31281,-0.3197058609763061
OID31218,-0.3197058609763061
OID20566,-0.3207970072595017
OID31407,-0.3207970072595017
OID20864,-0.3210697938303006
OID20805,-0.3210697938303006
OID20057,-0.3210697938303006
OID20844,-0.3213425804010995
OID31162,-0.3213425804010995
OID30971,-0.3216153669718984
OID20834,-0.3232520863966918
OID31323,-0.3232520863966918
OID31479,-0.3232520863966918
OID20433,-0.3246160192506862
OID20484,-0.3246160192506862
OID20145,-0.32488880582148516
OID30797,-0.32516159239228404
OID20810,-0.32516159239228404
OID30934,-0.32570716553388185
OID30354,-0.32652552524627854
OID30497,-0.3267983118170774
OID20490,-0.3267983118170774
OID30140,-0.3267983118170774
OID30202,-0.3270710983878763
OID20852,-0.3270710983878763
OID30978,-0.3273438849586752
OID21428,-0.3273438849586752
OID30764,-0.3292533909542675
OID20736,-0.33089011037906085
OID20701,-0.33116289694985973
OID21218,-0.33116289694985973
OID30846,-0.3327996163746531
OID30061,-0.33307240294545204
OID20639,-0.33307240294545204
OID30542,-0.3333451895162509
OID20464,-0.3336179760870498
OID21164,-0.3349819089410443
OID31182,-0.3355274820826421
OID30415,-0.33689141493663655
OID30132,-0.33825534779063104
OID30849,-0.33880092093222886
OID31003,-0.3393464940738266
OID30572,-0.3393464940738266
OID31130,-0.3393464940738266
OID21336,-0.3393464940738266
OID21268,-0.3393464940738266
OID30139,-0.3401648537862233
OID31251,-0.3412560000694189
OID30150,-0.3415287866402178
OID21335,-0.3428927194942123
OID31204,-0.34343829263581005
OID31092,-0.34343829263581005
OID30137,-0.34343829263581005
OID21237,-0.343711079206609
OID31339,-0.34398386577740786
OID30496,-0.34425665234820674
OID21096,-0.34480222548980455
OID31051,-0.34480222548980455
OID30798,-0.34534779863140236
OID31414,-0.34698451805619573
OID30190,-0.3475300911977935
OID21117,-0.348894024051788
OID20472,-0.348894024051788
OID31459,-0.348894024051788
OID30109,-0.348894024051788
OID30928,-0.348894024051788
OID20441,-0.3502579569057825
OID21261,-0.35080353004738024
OID20361,-0.35080353004738024
OID20795,-0.3510763166181792
OID21447,-0.35189467633057586
OID21403,-0.3532586091845703
OID31140,-0.3532586091845703
OID30897,-0.3532586091845703
OID30860,-0.3532586091845703
OID31260,-0.3543497554677659
OID31483,-0.3551681151801626
OID30848,-0.35571368832176037
OID21384,-0.356804834604956
OID20447,-0.356804834604956
OID20149,-0.356804834604956
OID30229,-0.35707762117575487
OID30152,-0.35735040774655374
OID21278,-0.35735040774655374
OID21287,-0.35735040774655374
OID30640,-0.35735040774655374
OID31101,-0.3589871271713471
OID21521,-0.35925991374214605
OID20848,-0.36089663316693943
OID30780,-0.36089663316693943
OID30050,-0.3614422063085372
OID30307,-0.3625333525917328
OID20164,-0.3628061391625317
OID20949,-0.3628061391625317
OID20924,-0.3628061391625317
OID31402,-0.3628061391625317
OID31301,-0.36307892573333056
OID21355,-0.3633517123041295
OID30896,-0.36362449887492837
OID30822,-0.36389728544572725
OID30509,-0.36389728544572725
OID30122,-0.36498843172892287
OID31210,-0.36526121829972175
OID20074,-0.36526121829972175
OID21204,-0.36526121829972175
OID30135,-0.3655340048705206
OID30502,-0.3655340048705206
OID30672,-0.3668979377245151
OID30162,-0.367170724295314
OID30957,-0.3688074437201074
OID21494,-0.3688074437201074
OID20821,-0.3688074437201074
OID30277,-0.3688074437201074
OID21200,-0.3693530168617052
OID21238,-0.3693530168617052
OID30864,-0.3693530168617052
OID30863,-0.369898590003303
OID30833,-0.37153530942809637
OID31329,-0.37180809599889525
OID30091,-0.3728992422820908
OID30406,-0.3728992422820908
OID21281,-0.37317202885288975
OID31332,-0.37317202885288975
OID31461,-0.3748087482776831
OID30565,-0.3748087482776831
OID20103,-0.3748087482776831
OID20912,-0.3748087482776831
OID31326,-0.3753543214192809
OID21248,-0.3753543214192809
OID21220,-0.3764454677024765
OID30446,-0.3767182542732754
OID30952,-0.3767182542732754
OID20616,-0.37699104084407425
OID31180,-0.37699104084407425
OID30990,-0.37890054683966656
OID20626,-0.37890054683966656
OID30390,-0.37890054683966656
OID31356,-0.37917333341046544
OID20944,-0.3808100528352588
OID30458,-0.3808100528352588
OID21364,-0.3808100528352588
OID20676,-0.3808100528352588
OID31504,-0.3808100528352588
OID20236,-0.3808100528352588
OID30175,-0.3808100528352588
OID20188,-0.3808100528352588
OID20307,-0.3808100528352588
OID30098,-0.3810828394060577
OID20419,-0.3810828394060577
OID30306,-0.3810828394060577
OID30794,-0.3810828394060577
OID20140,-0.3810828394060577
OID31462,-0.3813556259768566
OID31297,-0.3813556259768566
OID30437,-0.3819011991184544
OID31190,-0.3821739856892533
OID20508,-0.38299234540165
OID31438,-0.3832651319724489
OID30979,-0.3832651319724489
OID30475,-0.38490185139724226
OID20614,-0.38490185139724226
OID21165,-0.38490185139724226
OID20891,-0.38517463796804113
OID31011,-0.38517463796804113
OID30885,-0.38572021110963894
OID31286,-0.3859929976804378
OID21486,-0.3868113573928345
OID30254,-0.3868113573928345
OID30993,-0.3868113573928345
OID30809,-0.38708414396363344
OID30878,-0.38708414396363344
OID20502,-0.3887208633884268
OID30806,-0.3889936499592257
OID20803,-0.3889936499592257
OID31172,-0.3889936499592257
OID31308,-0.3895392231008235
OID31086,-0.3898120096716224
OID31201,-0.39008479624242126
OID30305,-0.39090315595481795
OID30477,-0.39090315595481795
OID20720,-0.39090315595481795
OID21231,-0.39090315595481795
OID30919,-0.3911759425256169
OID30818,-0.39281266195041026
OID20134,-0.39281266195041026
OID30431,-0.39308544852120914
OID30236,-0.393358235092008
OID30093,-0.393358235092008
OID20543,-0.3949949545168014
OID31215,-0.3952677410876003
OID30130,-0.3952677410876003
OID31219,-0.3952677410876003
OID30124,-0.3952677410876003
OID21210,-0.3955405276583992
OID30967,-0.3969044605123937
OID21503,-0.3969044605123937
OID20059,-0.3969044605123937
OID20465,-0.3971772470831926
OID30476,-0.39745003365399145
OID31496,-0.39881396650798595
OID20449,-0.40099625907437714
OID30420,-0.4020874053575727
OID30057,-0.4023601919283716
OID30810,-0.4029057650699694
OID30116,-0.4029057650699694
OID30287,-0.4029057650699694
OID20127,-0.40317855164076827
OID31188,-0.4050880576363606
OID31388,-0.40699756363195283
OID31088,-0.4072703502027517
OID21385,-0.4072703502027517
OID21243,-0.40754313677355064
OID30865,-0.40836149648594733
OID30975,-0.4089070696275451
OID30199,-0.4089070696275451
OID31262,-0.4089070696275451
OID30255,-0.409179856198344
OID20434,-0.4099982159107407
OID30838,-0.4108165756231374
OID30088,-0.4108165756231374
OID21365,-0.4108165756231374
OID30189,-0.4108165756231374
OID30320,-0.4108165756231374
OID31028,-0.41108936219393627
OID31168,-0.4116349353355341
OID21401,-0.4129988681895286
OID31285,-0.41327165476032746
OID31161,-0.41327165476032746
OID31363,-0.41490837418512083
OID30933,-0.41490837418512083
OID31387,-0.4168178801807131
OID20738,-0.4168178801807131
OID30987,-0.417090666751512
OID30834,-0.4173634533223109
OID30872,-0.4187273861763054
OID30923,-0.41900017274710427
OID31362,-0.41900017274710427
OID20229,-0.41900017274710427
OID30096,-0.41927295931790315
OID30215,-0.4209096787426965
OID30418,-0.4209096787426965
OID30598,-0.4209096787426965
OID31002,-0.4209096787426965
OID21178,-0.4209096787426965
OID30526,-0.42118246531349546
OID20063,-0.42118246531349546
OID30673,-0.42281918473828883
OID30439,-0.4230919713090877
OID30512,-0.4233647578798866
OID30530,-0.4239103310214844
OID31404,-0.4252742638754789
OID30211,-0.4269109833002723
OID20288,-0.4269109833002723
OID20840,-0.4269109833002723
OID31295,-0.42718376987107115
OID31347,-0.42718376987107115
OID30487,-0.42718376987107115
OID20050,-0.4288204892958645
OID30852,-0.4290932758666634
OID30492,-0.4304572087206579
OID30823,-0.4310027818622557
OID31170,-0.4310027818622557
OID20883,-0.4310027818622557
OID20463,-0.43154835500385347
OID31282,-0.4320939281454513
OID31038,-0.4326395012870491
OID20866,-0.43291228785784797
OID20511,-0.43291228785784797
OID31511,-0.43291228785784797
OID21373,-0.43291228785784797
OID30318,-0.43291228785784797
OID30192,-0.43291228785784797
OID21331,-0.4334578609994458
OID31340,-0.4334578609994458
OID30959,-0.4334578609994458
OID31521,-0.4348217938534402
OID20804,-0.4348217938534402
OID30435,-0.4348217938534402
OID30988,-0.43536736699503803
OID31267,-0.43536736699503803
OID30678,-0.43536736699503803
OID20860,-0.43591294013663584
OID31207,-0.4370040864198314
OID30922,-0.4370040864198314
OID30176,-0.4378224461322281
OID30500,-0.43891359241542366
OID30251,-0.43891359241542366
OID31217,-0.43945916555702147
OID30081,-0.44082309841101597
OID20527,-0.44082309841101597
OID20098,-0.44082309841101597
OID31178,-0.44082309841101597
OID20486,-0.44109588498181485
OID30155,-0.44109588498181485
OID21285,-0.44191424469421153
OID31284,-0.4427326044066082
OID30094,-0.4430053909774071
OID30841,-0.44327817754820603
OID30840,-0.44327817754820603
OID30058,-0.4438237506898038
OID30179,-0.4440965372606027
OID30145,-0.4449148969729994
OID30443,-0.4449148969729994
OID30783,-0.44709718953939054
OID31391,-0.44900669553498285
OID30428,-0.44900669553498285
OID20868,-0.4500978418181784
OID20422,-0.4509162015305751
OID30416,-0.4509162015305751
OID30056,-0.4509162015305751
OID30341,-0.4517345612429718
OID30494,-0.4525529209553685
OID20941,-0.45282570752616735
OID30960,-0.45282570752616735
OID30577,-0.45282570752616735
OID31228,-0.4530984940969663
OID30292,-0.453916853809363
OID20839,-0.45500800009255854
OID31036,-0.4552807866633574
OID30820,-0.4552807866633574
OID20444,-0.4552807866633574
OID30962,-0.45637193294655304
OID31125,-0.45637193294655304
OID31117,-0.4566447195173519
OID21163,-0.4566447195173519
OID30149,-0.4569175060881508
OID20076,-0.4569175060881508
OID31199,-0.4571902926589497
OID30138,-0.4571902926589497
OID31176,-0.4588270120837431
OID21201,-0.4588270120837431
OID21188,-0.4588270120837431
OID20569,-0.4588270120837431
OID21290,-0.4588270120837431
OID30757,-0.4588270120837431
OID21386,-0.4588270120837431
OID30196,-0.4588270120837431
OID31269,-0.459099798654542
OID21325,-0.459099798654542
OID30550,-0.4596453717961398
OID20067,-0.46100930465013423
OID30664,-0.46128209122093317
OID20582,-0.46210045093332985
OID31361,-0.46291881064572654
OID20283,-0.46291881064572654
OID20750,-0.46291881064572654
OID20624,-0.46291881064572654
OID30877,-0.4634643837873243
OID30800,-0.4640099569289221
OID30909,-0.4648283166413188
OID30968,-0.4648283166413188
OID21173,-0.4651011032121177
OID31095,-0.4653738897829166
OID30874,-0.46701060920771
OID30939,-0.46755618234930774
OID30279,-0.46892011520330223
OID30604,-0.46892011520330223
OID31298,-0.46892011520330223
OID21245,-0.46892011520330223
OID21515,-0.46892011520330223
OID30451,-0.4691929017741011
OID30508,-0.4691929017741011
OID20817,-0.4708296211988945
OID30387,-0.4708296211988945
OID20285,-0.4708296211988945
OID31265,-0.4708296211988945
OID21195,-0.4708296211988945
OID31074,-0.4708296211988945
OID31171,-0.4711024077696934
OID31223,-0.4716479809112912
OID30154,-0.4730119137652857
OID30112,-0.4730119137652857
OID20869,-0.4730119137652857
OID30198,-0.4743758466192802
OID31261,-0.4749214197608779
OID20976,-0.4749214197608779
OID31476,-0.47546699290247574
OID21228,-0.47683092575647024
OID20405,-0.47683092575647024
OID20072,-0.47683092575647024
OID31421,-0.4771037123272691
OID30914,-0.4771037123272691
OID31158,-0.47901321832286137
OID30819,-0.47901321832286137
OID30826,-0.47901321832286137
OID20841,-0.47901321832286137
OID20825,-0.47901321832286137
OID31115,-0.4792860048936603
OID30207,-0.4809227243184537
OID21354,-0.4809227243184537
OID30457,-0.4809227243184537
OID31110,-0.4809227243184537
OID21251,-0.48119551088925255
OID20870,-0.48119551088925255
OID30903,-0.48146829746005143
OID30879,-0.48174108403085036
OID30954,-0.48283223031404593
OID30053,-0.48283223031404593
OID20469,-0.48283223031404593
OID30552,-0.48283223031404593
OID30440,-0.48283223031404593
OID31342,-0.48283223031404593
OID31369,-0.48283223031404593
OID31177,-0.48337780345564374
OID31259,-0.48337780345564374
OID30870,-0.4850145228804371
OID30531,-0.4850145228804371
OID21341,-0.48692402887602937
OID30055,-0.48692402887602937
OID21491,-0.4888335348716216
OID20457,-0.4888335348716216
OID20456,-0.4888335348716216
OID20568,-0.4888335348716216
OID21282,-0.4888335348716216
OID20698,-0.4888335348716216
OID20591,-0.4910158274380128
OID31385,-0.4915614005796106
OID20054,-0.4918341871504095
OID30802,-0.49292533343360506
OID21420,-0.49292533343360506
OID30066,-0.49292533343360506
OID30129,-0.493198120004404
OID30049,-0.493198120004404
OID31364,-0.493198120004404
OID31175,-0.4934709065752029
OID30104,-0.49483483942919737
OID30481,-0.49483483942919737
OID20811,-0.49510762599999625
OID20509,-0.4970171319955885
OID31289,-0.4978354917079852
OID20957,-0.4989266379911808
OID20128,-0.4989266379911808
OID30471,-0.4991994245619797
OID30796,-0.5008361439867731
OID20264,-0.5008361439867731
OID30901,-0.5008361439867731
OID20829,-0.5008361439867731
OID20480,-0.5008361439867731
OID31169,-0.5008361439867731
OID30828,-0.5008361439867731
OID30448,-0.5030184365531642
OID30257,-0.5043823694071587
OID30111,-0.5049279425487565
OID30844,-0.5052007291195554
OID30921,-0.506291875402751
OID20058,-0.5068374485443488
OID30843,-0.5068374485443488
OID20240,-0.5068374485443488
OID21169,-0.5071102351151476
OID21162,-0.5071102351151476
OID30976,-0.50901974111074
OID20592,-0.50901974111074
OID21161,-0.5103836739647344
OID21433,-0.5109292471063323
OID31041,-0.5109292471063323
OID30187,-0.5112020336771311
OID31389,-0.5150210456683156
OID21217,-0.5150210456683156
OID30165,-0.5169305516639079
OID20604,-0.5180216979471035
OID21388,-0.5188400576595003
OID30540,-0.5188400576595003
OID20603,-0.5188400576595003
OID30958,-0.5191128442302991
OID20980,-0.5210223502258914
OID30817,-0.5210223502258914
OID30449,-0.5210223502258914
OID30062,-0.5229318562214836
OID30315,-0.5229318562214836
OID30983,-0.5229318562214836
OID20453,-0.5229318562214836
OID30131,-0.5234774293630814
OID30065,-0.5248413622170759
OID20448,-0.5248413622170759
OID20460,-0.5248413622170759
OID30827,-0.5248413622170759
OID31338,-0.5248413622170759
OID21257,-0.5248413622170759
OID21424,-0.5248413622170759
OID20528,-0.5248413622170759
OID20468,-0.5251141487878748
OID30941,-0.5256597219294726
OID31321,-0.5270236547834671
OID31302,-0.5270236547834671
OID30855,-0.5270236547834671
OID20886,-0.5289331607790594
OID20556,-0.5289331607790594
OID20202,-0.5289331607790594
OID30097,-0.5292059473498583
OID20846,-0.5292059473498583
OID20083,-0.5308426667746516
OID31449,-0.5308426667746516
OID30085,-0.5308426667746516
OID20606,-0.5308426667746516
OID31365,-0.5308426667746516
OID30465,-0.5308426667746516
OID20049,-0.5311154533454505
OID30812,-0.5330249593410428
OID20905,-0.5330249593410428
OID30535,-0.5335705324826406
OID20475,-0.5341161056242384
OID30515,-0.534934465336635
OID30521,-0.535207251907434
OID31004,-0.535207251907434
OID31318,-0.535207251907434
OID31229,-0.5357528250490318
OID30898,-0.5368439713322274
OID20440,-0.5368439713322274
OID20450,-0.5371167579030263
OID30233,-0.5390262638986185
OID31206,-0.5390262638986185
OID31312,-0.5390262638986185
OID20498,-0.5390262638986185
OID20879,-0.540390196752613
OID20466,-0.5409357698942108
OID31226,-0.5409357698942108
OID30585,-0.5409357698942108
OID20430,-0.5412085564650096
OID20974,-0.542845275889803
OID30275,-0.542845275889803
OID20056,-0.542845275889803
OID20619,-0.542845275889803
OID20136,-0.542845275889803
OID21183,-0.542845275889803
OID30064,-0.542845275889803
OID20961,-0.5431180624606019
OID30157,-0.5469370744517865
OID30426,-0.5472098610225854
OID21392,-0.5488465804473788
OID21465,-0.5488465804473788
OID20066,-0.5488465804473788
OID21148,-0.5488465804473788
OID21138,-0.5488465804473788
OID30951,-0.5510288730137699
OID31422,-0.5523928058677644
OID30169,-0.5529383790093622
OID30702,-0.5529383790093622
OID31006,-0.5529383790093622
OID31053,-0.5543023118633567
OID21395,-0.5548478850049545
OID20408,-0.5548478850049545
OID30080,-0.5570301775713457
OID31239,-0.5570301775713457
OID31406,-0.5573029641421445
OID30986,-0.5578485372837423
OID31216,-0.5589396835669379
OID21426,-0.5589396835669379
OID31429,-0.5589396835669379
OID30546,-0.5592124701377368
OID20890,-0.5597580432793346
OID20088,-0.5608491895625302
OID20815,-0.5608491895625302
OID30234,-0.5608491895625302
OID31144,-0.5608491895625302
OID30930,-0.561121976133329
OID20796,-0.5630314821289214
OID21180,-0.5630314821289214
OID30804,-0.5633042686997203
OID31138,-0.5635770552705192
OID20618,-0.5649409881245137
OID30419,-0.5649409881245137
OID21378,-0.5649409881245137
OID30813,-0.5652137746953125
OID31294,-0.5652137746953125
OID30171,-0.5654865612661114
OID30054,-0.566577707549307
OID20139,-0.5668504941201059
OID30108,-0.5668504941201059
OID30051,-0.5668504941201059
OID31025,-0.5671232806909048
OID30153,-0.5673960672617037
OID30217,-0.5673960672617037
OID31232,-0.569032786686497
OID30226,-0.569032786686497
OID31458,-0.569032786686497
OID20451,-0.569032786686497
OID30847,-0.5709422926820893
OID30228,-0.5709422926820893
OID30268,-0.5709422926820893
OID31392,-0.571760652394486
OID30953,-0.5728517986776817
OID31237,-0.5728517986776817
OID30339,-0.5728517986776817
OID21122,-0.5728517986776817
OID30674,-0.5728517986776817
OID30433,-0.5731245852484805
OID21184,-0.5731245852484805
OID31327,-0.5774891703812628
OID30082,-0.5777619569520618
OID21427,-0.5788531032352573
OID21038,-0.5788531032352573
OID21203,-0.5788531032352573
OID31015,-0.5788531032352573
OID30999,-0.5802170360892518
OID20900,-0.5810353958016485
OID20437,-0.5810353958016485
OID30973,-0.5813081823724474
OID21189,-0.5829449017972408
OID31417,-0.5829449017972408
OID30791,-0.5829449017972408
OID30995,-0.5829449017972408
OID31367,-0.5829449017972408
OID31230,-0.5829449017972408
OID30895,-0.5829449017972408
OID31154,-0.5832176883680397
OID31085,-0.5834904749388385
OID20104,-0.584854407792833
OID20831,-0.584854407792833
OID30911,-0.584854407792833
OID30454,-0.5870367003592242
OID30299,-0.5870367003592242
OID31137,-0.5870367003592242
OID31353,-0.5884006332132187
OID20106,-0.5889462063548164
OID30052,-0.590037352638012
OID30482,-0.5908557123504088
OID30422,-0.5908557123504088
OID20446,-0.5908557123504088
OID31163,-0.5908557123504088
OID20461,-0.5911284989212077
OID31444,-0.5919468586336043
OID30489,-0.5919468586336043
OID30070,-0.5930380049167999
OID30133,-0.5933107914875988
OID31227,-0.5938563646291966
OID31272,-0.5949475109123922
OID30172,-0.5949475109123922
OID30441,-0.5949475109123922
OID20216,-0.5963114437663867
OID20539,-0.5968570169079844
OID21208,-0.5971298034787833
OID30868,-0.5971298034787833
OID31376,-0.5993120960451745
OID20835,-0.6009488154699679
OID30980,-0.6012216020407668
OID20100,-0.6028583214655602
OID20233,-0.6028583214655602
OID20055,-0.603131108036359
OID20858,-0.6034038946071579
OID30902,-0.6034038946071579
OID30203,-0.6050406140319513
OID31264,-0.6050406140319513
OID30177,-0.6050406140319513
OID20823,-0.6069501200275436
OID30884,-0.6088596260231359
OID30120,-0.6088596260231359
OID21272,-0.6088596260231359
OID20826,-0.6088596260231359
OID20171,-0.6088596260231359
OID30998,-0.6088596260231359
OID20920,-0.6088596260231359
OID20425,-0.6091324125939348
OID20555,-0.6113147051603259
OID30193,-0.6129514245851193
OID20819,-0.6134969977267171
OID30569,-0.6143153574391138
OID20073,-0.6148609305807116
OID20479,-0.6148609305807116
OID31165,-0.6148609305807116
OID30861,-0.6148609305807116
OID20330,-0.6148609305807116
OID20516,-0.6148609305807116
OID20586,-0.6148609305807116
OID21262,-0.6148609305807116
OID30450,-0.6148609305807116
OID21286,-0.6148609305807116
OID31106,-0.6170432231471028
OID31430,-0.6189527291426951
OID20093,-0.6189527291426951
OID20791,-0.6189527291426951
OID20432,-0.6189527291426951
OID21263,-0.6208622351382873
OID20954,-0.6208622351382873
OID31350,-0.6208622351382873
OID21362,-0.6208622351382873
OID20992,-0.6208622351382873
OID30101,-0.6208622351382873
OID31129,-0.6208622351382873
OID20454,-0.6208622351382873
OID30423,-0.6211350217090862
OID21230,-0.6233173142754773
OID20790,-0.6244853723604746
OID31336,-0.6249540337002707
OID31333,-0.6249540337002707
OID30862,-0.6268635396958631
OID31104,-0.6268635396958631
OID20641,-0.6268635396958631
OID20532,-0.6268635396958631
OID31076,-0.6271363262666619
OID30083,-0.6271363262666619
OID30459,-0.6309553382578464
OID30831,-0.6309553382578464
OID21267,-0.6328648442534387
OID30516,-0.6328648442534387
OID30566,-0.6328648442534387
OID30429,-0.6331376308242376
OID31303,-0.6334104173950366
OID30074,-0.6350471368198299
OID20838,-0.6350471368198299
OID31121,-0.6350471368198299
OID21216,-0.6350471368198299
OID31060,-0.6369566428154222
OID30100,-0.6388661488110144
OID20849,-0.6388661488110144
OID20462,-0.6394117219526122
OID30832,-0.6432307339437968
OID30210,-0.6448674533685902
OID30208,-0.6448674533685902
OID20117,-0.6448674533685902
OID20741,-0.6448674533685902
OID31373,-0.6448674533685902
OID30782,-0.6448674533685902
OID20070,-0.6470497459349813
OID20322,-0.6470497459349813
OID20470,-0.6489592519305736
OID30906,-0.6492320385013725
OID30105,-0.6530510504925571
OID30467,-0.653323837063356
OID30095,-0.6549605564881493
OID30462,-0.6549605564881493
OID20845,-0.6568700624837416
OID30485,-0.6568700624837416
OID20069,-0.6574156356253393
OID30288,-0.6609618610457251
OID30948,-0.6609618610457251
OID20120,-0.6628713670413173
OID20806,-0.6631441536121162
OID30432,-0.6672359521740996
OID20078,-0.6748739761564687
OID20439,-0.6808752807140445
OID20812,-0.6849670792760278
OID30900,-0.6868765852716201
OID31013,-0.6868765852716201
OID30545,-0.6868765852716201
OID31023,-0.6890588778380113
OID30461,-0.6909683838336036
OID30484,-0.6928778898291958
OID30424,-0.6969696883911793
OID21080,-0.6988791943867716
OID20091,-0.7032437795195539
OID21207,-0.7149736020639065
OID31383,-0.7269762111790579
OID21264,-0.7272489977498567
OID21258,-0.7288857171746501
OID31089,-0.7408883262898015
OID20458,-0.7588922399625286
